ReferralID,ReferrerUserID,ReferredUserID,ReferralDate,RewardAmount,RewardStatus
1,9,37,2024-01-02,75,Pending
2,29,40,2024-01-02,100,Paid
3,14,43,2024-01-02,100,Paid
4,21,47,2024-01-02,50,Pending
5,41,52,2024-01-03,75,Pending
6,14,56,2024-01-03,75,Paid
7,30,61,2024-01-03,50,Paid
8,43,66,2024-01-03,100,Paid
9,47,71,2024-01-03,75,Paid
10,35,82,2024-01-04,75,Paid
11,9,98,2024-01-05,75,Paid
12,22,104,2024-01-05,75,Pending
13,5,106,2024-01-05,100,Paid
14,58,109,2024-01-05,100,Paid
15,69,113,2024-01-05,75,Pending
16,40,117,2024-01-05,50,Pending
17,34,119,2024-01-05,100,Paid
18,51,130,2024-01-06,100,Paid
19,103,132,2024-01-06,100,Pending
20,89,133,2024-01-06,75,Paid
21,56,140,2024-01-06,100,Paid
22,36,150,2024-01-06,50,Paid
23,1,151,2024-01-06,100,Pending
24,141,157,2024-01-07,75,Paid
25,144,167,2024-01-07,50,Paid
26,84,174,2024-01-07,100,Pending
27,76,187,2024-01-08,100,Paid
28,152,188,2024-01-08,50,Paid
29,68,189,2024-01-08,100,Paid
30,190,209,2024-01-09,100,Paid
31,127,210,2024-01-09,100,Paid
32,26,211,2024-01-09,100,Paid
33,176,212,2024-01-09,50,Pending
34,160,221,2024-01-09,100,Paid
35,58,224,2024-01-09,100,Paid
36,22,231,2024-01-10,50,Pending
37,203,232,2024-01-10,50,Pending
38,186,237,2024-01-10,75,Paid
39,159,243,2024-01-10,50,Paid
40,186,246,2024-01-10,75,Paid
41,174,249,2024-01-10,50,Pending
42,149,254,2024-01-11,50,Paid
43,51,269,2024-01-11,75,Paid
44,6,274,2024-01-12,50,Paid
45,226,285,2024-01-12,100,Pending
46,74,290,2024-01-12,100,Paid
47,92,297,2024-01-12,100,Pending
48,56,305,2024-01-13,50,Paid
49,70,321,2024-01-14,100,Paid
50,137,340,2024-01-15,50,Pending
51,98,342,2024-01-15,75,Paid
52,86,344,2024-01-15,75,Pending
53,315,345,2024-01-15,100,Paid
54,327,347,2024-01-15,50,Paid
55,14,351,2024-01-15,75,Pending
56,23,363,2024-01-15,50,Pending
57,140,368,2024-01-15,75,Paid
58,349,381,2024-01-16,100,Paid
59,302,390,2024-01-16,50,Paid
60,331,393,2024-01-16,50,Paid
61,204,395,2024-01-16,75,Paid
62,319,401,2024-01-17,100,Paid
63,367,402,2024-01-17,100,Paid
64,154,406,2024-01-17,75,Paid
65,391,415,2024-01-17,75,Paid
66,218,429,2024-01-18,100,Paid
67,137,448,2024-01-19,100,Pending
68,398,456,2024-01-19,100,Paid
69,107,463,2024-01-19,100,Paid
70,176,472,2024-01-19,100,Paid
71,277,475,2024-01-19,75,Paid
72,63,478,2024-01-20,75,Paid
73,1,482,2024-01-20,100,Paid
74,1,485,2024-01-20,50,Paid
75,443,494,2024-01-20,75,Paid
76,296,496,2024-01-20,75,Pending
77,342,514,2024-01-21,50,Paid
78,338,516,2024-01-21,50,Paid
79,405,519,2024-01-21,100,Paid
80,447,526,2024-01-21,50,Paid
81,31,527,2024-01-21,75,Pending
82,171,537,2024-01-22,50,Paid
83,449,545,2024-01-22,100,Pending
84,262,549,2024-01-22,100,Paid
85,259,551,2024-01-22,100,Paid
86,223,562,2024-01-23,100,Pending
87,48,581,2024-01-23,75,Pending
88,112,582,2024-01-24,100,Paid
89,208,607,2024-01-25,50,Paid
90,280,612,2024-01-25,100,Paid
91,474,614,2024-01-25,100,Paid
92,219,617,2024-01-25,75,Pending
93,133,621,2024-01-25,100,Paid
94,577,622,2024-01-25,75,Pending
95,110,625,2024-01-25,75,Paid
96,212,630,2024-01-25,50,Paid
97,277,632,2024-01-25,75,Pending
98,205,637,2024-01-26,75,Paid
99,167,648,2024-01-26,50,Pending
100,264,652,2024-01-26,50,Paid
101,353,660,2024-01-26,100,Paid
102,354,663,2024-01-27,75,Paid
103,508,673,2024-01-27,75,Paid
104,440,677,2024-01-27,50,Paid
105,372,681,2024-01-28,100,Pending
106,632,682,2024-01-28,75,Pending
107,215,694,2024-01-28,100,Paid
108,578,699,2024-01-28,100,Paid
109,144,700,2024-01-28,100,Pending
110,50,713,2024-01-29,50,Paid
111,236,716,2024-01-29,100,Pending
112,60,726,2024-01-29,100,Paid
113,62,733,2024-01-30,100,Paid
114,416,737,2024-01-30,50,Paid
115,296,741,2024-01-30,75,Paid
116,363,748,2024-01-30,100,Paid
117,51,756,2024-01-30,100,Paid
118,240,759,2024-01-30,50,Paid
119,42,760,2024-01-30,50,Paid
120,564,766,2024-01-31,50,Pending
121,283,771,2024-01-31,100,Paid
122,37,775,2024-01-31,50,Paid
123,627,777,2024-01-31,100,Paid
124,404,795,2024-02-01,100,Paid
125,658,797,2024-02-01,100,Pending
126,785,798,2024-02-01,75,Paid
127,699,802,2024-02-01,75,Paid
128,209,810,2024-02-01,75,Paid
129,289,816,2024-02-01,75,Pending
130,438,824,2024-02-02,100,Paid
131,251,835,2024-02-02,75,Paid
132,438,836,2024-02-02,100,Paid
133,382,838,2024-02-02,75,Paid
134,163,846,2024-02-02,100,Paid
135,466,858,2024-02-03,100,Paid
136,460,861,2024-02-03,100,Pending
137,132,865,2024-02-03,75,Paid
138,776,868,2024-02-03,75,Paid
139,153,873,2024-02-03,75,Paid
140,414,875,2024-02-03,75,Paid
141,191,891,2024-02-04,50,Paid
142,129,894,2024-02-04,50,Paid
143,176,929,2024-02-05,75,Paid
144,469,930,2024-02-05,100,Paid
145,344,938,2024-02-05,50,Paid
146,655,951,2024-02-06,75,Paid
147,740,958,2024-02-06,100,Pending
148,378,971,2024-02-06,75,Paid
149,597,972,2024-02-06,100,Paid
150,314,977,2024-02-07,100,Paid
151,412,980,2024-02-07,100,Pending
152,521,985,2024-02-07,75,Paid
153,32,1009,2024-02-08,50,Paid
154,237,1013,2024-02-08,100,Paid
155,647,1014,2024-02-08,100,Pending
156,940,1018,2024-02-08,75,Paid
157,126,1020,2024-02-08,50,Paid
158,521,1028,2024-02-08,50,Pending
159,487,1031,2024-02-08,100,Paid
160,691,1036,2024-02-09,100,Paid
161,628,1039,2024-02-09,100,Pending
162,1012,1041,2024-02-09,100,Paid
163,990,1052,2024-02-09,50,Paid
164,880,1057,2024-02-09,75,Pending
165,26,1062,2024-02-09,75,Pending
166,613,1073,2024-02-10,50,Pending
167,712,1074,2024-02-10,75,Pending
168,982,1076,2024-02-10,75,Paid
169,53,1078,2024-02-10,50,Paid
170,224,1080,2024-02-10,75,Pending
171,1036,1089,2024-02-10,50,Paid
172,535,1096,2024-02-11,50,Paid
173,970,1097,2024-02-11,50,Paid
174,868,1112,2024-02-11,50,Paid
175,1064,1118,2024-02-12,75,Paid
176,462,1133,2024-02-12,50,Paid
177,78,1141,2024-02-13,100,Pending
178,702,1146,2024-02-13,75,Paid
179,466,1149,2024-02-13,75,Pending
180,1006,1156,2024-02-13,75,Paid
181,418,1157,2024-02-13,50,Pending
182,47,1160,2024-02-13,75,Paid
183,624,1163,2024-02-14,75,Paid
184,182,1165,2024-02-14,100,Paid
185,1078,1172,2024-02-14,75,Pending
186,160,1175,2024-02-14,50,Paid
187,560,1185,2024-02-15,75,Paid
188,569,1188,2024-02-15,100,Paid
189,770,1190,2024-02-15,50,Paid
190,703,1200,2024-02-15,75,Paid
191,850,1203,2024-02-15,75,Paid
192,332,1207,2024-02-16,75,Paid
193,318,1221,2024-02-16,75,Paid
194,1172,1224,2024-02-16,50,Pending
195,798,1226,2024-02-17,50,Paid
196,191,1247,2024-02-17,100,Pending
197,791,1251,2024-02-18,50,Pending
198,70,1254,2024-02-18,50,Pending
199,728,1260,2024-02-18,50,Paid
200,496,1272,2024-02-18,100,Paid
201,422,1285,2024-02-19,100,Pending
202,582,1290,2024-02-19,100,Paid
203,1211,1294,2024-02-19,75,Paid
204,168,1302,2024-02-19,100,Paid
205,260,1306,2024-02-20,75,Pending
206,977,1309,2024-02-20,75,Paid
207,385,1315,2024-02-20,50,Paid
208,1117,1321,2024-02-20,100,Paid
209,330,1322,2024-02-20,50,Paid
210,683,1323,2024-02-20,100,Paid
211,1148,1325,2024-02-20,50,Paid
212,298,1326,2024-02-20,100,Paid
213,62,1329,2024-02-20,75,Paid
214,325,1354,2024-02-22,100,Paid
215,908,1363,2024-02-22,75,Paid
216,1324,1364,2024-02-22,100,Paid
217,1293,1372,2024-02-22,100,Pending
218,119,1374,2024-02-22,75,Paid
219,730,1377,2024-02-23,50,Paid
220,1255,1378,2024-02-23,100,Paid
221,704,1381,2024-02-23,75,Pending
222,981,1382,2024-02-23,50,Paid
223,492,1384,2024-02-23,50,Paid
224,603,1388,2024-02-23,75,Paid
225,759,1406,2024-02-23,75,Paid
226,17,1415,2024-02-24,75,Pending
227,349,1423,2024-02-24,75,Paid
228,984,1432,2024-02-24,50,Paid
229,12,1435,2024-02-24,50,Paid
230,945,1449,2024-02-25,75,Pending
231,917,1455,2024-02-25,100,Pending
232,186,1458,2024-02-25,100,Paid
233,895,1460,2024-02-25,50,Paid
234,1208,1462,2024-02-25,50,Paid
235,755,1477,2024-02-26,75,Paid
236,310,1484,2024-02-26,100,Paid
237,535,1486,2024-02-26,75,Paid
238,922,1499,2024-02-27,75,Pending
239,144,1504,2024-02-27,100,Pending
240,1433,1506,2024-02-27,75,Paid
241,701,1518,2024-02-27,100,Paid
242,256,1538,2024-02-28,50,Paid
243,1156,1539,2024-02-28,100,Paid
244,96,1541,2024-02-28,50,Paid
245,1021,1542,2024-02-28,100,Pending
246,878,1548,2024-02-29,50,Paid
247,711,1552,2024-02-29,75,Paid
248,183,1557,2024-02-29,100,Paid
249,1288,1566,2024-02-29,75,Paid
250,647,1569,2024-03-01,50,Paid
251,542,1582,2024-03-01,50,Pending
252,1034,1586,2024-03-01,75,Pending
253,1147,1610,2024-03-02,50,Paid
254,1011,1617,2024-03-02,50,Pending
255,13,1627,2024-03-02,100,Paid
256,1501,1656,2024-03-03,100,Pending
257,1422,1657,2024-03-03,50,Paid
258,1361,1658,2024-03-03,100,Pending
259,1265,1660,2024-03-03,100,Paid
260,775,1664,2024-03-03,75,Paid
261,437,1667,2024-03-04,50,Paid
262,860,1688,2024-03-04,75,Paid
263,871,1692,2024-03-04,75,Paid
264,619,1701,2024-03-05,50,Pending
265,1216,1704,2024-03-05,100,Paid
266,100,1706,2024-03-05,50,Paid
267,752,1711,2024-03-05,75,Paid
268,777,1719,2024-03-05,50,Paid
269,23,1721,2024-03-05,50,Pending
270,334,1729,2024-03-05,50,Paid
271,837,1730,2024-03-05,50,Paid
272,1340,1736,2024-03-06,50,Paid
273,483,1738,2024-03-06,100,Pending
274,587,1743,2024-03-06,75,Paid
275,82,1753,2024-03-06,100,Paid
276,842,1758,2024-03-06,100,Paid
277,759,1760,2024-03-06,50,Paid
278,968,1763,2024-03-06,75,Paid
279,1725,1781,2024-03-07,50,Paid
280,1149,1802,2024-03-08,50,Paid
281,598,1813,2024-03-09,75,Pending
282,71,1814,2024-03-09,75,Paid
283,605,1852,2024-03-10,50,Paid
284,825,1869,2024-03-11,50,Paid
285,1807,1879,2024-03-12,75,Paid
286,1520,1891,2024-03-12,50,Paid
287,1561,1900,2024-03-12,75,Pending
288,4,1905,2024-03-12,50,Paid
289,1515,1906,2024-03-12,100,Paid
290,1546,1913,2024-03-12,50,Paid
291,1574,1920,2024-03-13,50,Paid
292,1068,1925,2024-03-13,50,Paid
293,1576,1926,2024-03-13,75,Paid
294,1489,1938,2024-03-13,100,Paid
295,525,1939,2024-03-13,50,Paid
296,592,1946,2024-03-13,50,Paid
297,1556,1950,2024-03-14,75,Paid
298,1638,1954,2024-03-14,100,Paid
299,1027,1960,2024-03-14,50,Paid
300,373,1963,2024-03-14,50,Paid
301,654,1971,2024-03-14,50,Paid
302,192,1985,2024-03-15,100,Paid
303,253,1998,2024-03-15,50,Paid
304,1761,2011,2024-03-16,100,Paid
305,256,2015,2024-03-16,50,Paid
306,229,2028,2024-03-16,100,Paid
307,1893,2049,2024-03-17,75,Paid
308,377,2062,2024-03-17,100,Pending
309,229,2067,2024-03-18,50,Paid
310,141,2068,2024-03-18,50,Paid
311,826,2069,2024-03-18,100,Paid
312,1340,2070,2024-03-18,75,Pending
313,1195,2072,2024-03-18,100,Paid
314,42,2085,2024-03-18,75,Paid
315,1811,2088,2024-03-18,50,Paid
316,620,2090,2024-03-18,50,Pending
317,1203,2095,2024-03-19,75,Paid
318,1835,2098,2024-03-19,100,Pending
319,755,2106,2024-03-19,75,Paid
320,1406,2108,2024-03-19,50,Paid
321,1701,2109,2024-03-19,100,Pending
322,1025,2112,2024-03-19,75,Paid
323,1800,2113,2024-03-19,75,Paid
324,46,2118,2024-03-20,100,Paid
325,1353,2122,2024-03-20,100,Paid
326,1508,2124,2024-03-20,50,Pending
327,237,2131,2024-03-20,75,Pending
328,509,2156,2024-03-21,100,Paid
329,769,2170,2024-03-21,75,Paid
330,680,2183,2024-03-22,50,Pending
331,957,2188,2024-03-22,50,Paid
332,616,2191,2024-03-22,75,Paid
333,1438,2201,2024-03-23,75,Paid
334,75,2202,2024-03-23,75,Pending
335,742,2217,2024-03-23,75,Paid
336,1242,2225,2024-03-24,100,Paid
337,580,2231,2024-03-24,75,Pending
338,784,2238,2024-03-24,75,Paid
339,1212,2239,2024-03-24,75,Paid
340,399,2243,2024-03-24,100,Paid
341,95,2245,2024-03-24,100,Pending
342,409,2254,2024-03-24,75,Paid
343,2212,2255,2024-03-24,50,Paid
344,1817,2261,2024-03-25,75,Paid
345,1591,2268,2024-03-25,50,Paid
346,658,2282,2024-03-25,75,Paid
347,751,2294,2024-03-26,50,Paid
348,1668,2296,2024-03-26,75,Paid
349,265,2302,2024-03-26,75,Pending
350,1293,2305,2024-03-26,100,Paid
351,413,2306,2024-03-26,100,Paid
352,26,2315,2024-03-27,75,Paid
353,1914,2321,2024-03-27,100,Pending
354,1696,2327,2024-03-27,50,Paid
355,831,2335,2024-03-27,100,Paid
356,479,2337,2024-03-27,50,Paid
357,670,2338,2024-03-27,50,Pending
358,1211,2343,2024-03-27,75,Paid
359,1698,2349,2024-03-28,75,Paid
360,1886,2368,2024-03-28,75,Pending
361,77,2381,2024-03-29,50,Paid
362,313,2391,2024-03-29,100,Pending
363,362,2395,2024-03-30,100,Pending
364,28,2407,2024-03-30,50,Paid
365,1598,2411,2024-03-30,75,Paid
366,2145,2414,2024-03-30,50,Paid
367,433,2416,2024-03-31,75,Paid
368,240,2417,2024-03-31,100,Pending
369,868,2418,2024-03-31,50,Paid
370,1571,2421,2024-03-31,75,Paid
371,645,2424,2024-03-31,75,Paid
372,877,2426,2024-03-31,75,Pending
373,1571,2428,2024-03-31,100,Paid
374,363,2430,2024-03-31,100,Paid
375,1685,2446,2024-04-01,75,Paid
376,1569,2448,2024-04-01,75,Paid
377,1728,2465,2024-04-01,100,Paid
378,1543,2466,2024-04-01,50,Pending
379,163,2481,2024-04-02,100,Paid
380,1336,2483,2024-04-02,100,Pending
381,802,2488,2024-04-02,50,Paid
382,1254,2489,2024-04-02,50,Paid
383,1848,2496,2024-04-02,75,Paid
384,1806,2501,2024-04-02,75,Paid
385,2300,2519,2024-04-03,75,Paid
386,2293,2520,2024-04-03,75,Paid
387,1952,2545,2024-04-04,50,Paid
388,1349,2551,2024-04-05,75,Pending
389,2288,2555,2024-04-05,75,Paid
390,962,2565,2024-04-05,100,Paid
391,1565,2571,2024-04-05,75,Paid
392,2540,2576,2024-04-05,100,Paid
393,1847,2577,2024-04-05,50,Paid
394,1420,2588,2024-04-06,50,Paid
395,505,2592,2024-04-06,75,Paid
396,1724,2594,2024-04-06,100,Paid
397,147,2597,2024-04-06,75,Pending
398,814,2600,2024-04-06,50,Paid
399,2003,2610,2024-04-06,100,Paid
400,1603,2615,2024-04-06,50,Paid
401,1689,2620,2024-04-07,75,Paid
402,475,2621,2024-04-07,75,Pending
403,1223,2624,2024-04-07,50,Paid
404,1067,2631,2024-04-07,100,Paid
405,401,2632,2024-04-07,75,Paid
406,306,2633,2024-04-07,100,Paid
407,1192,2634,2024-04-07,50,Paid
408,843,2635,2024-04-07,75,Paid
409,42,2641,2024-04-07,100,Paid
410,1594,2647,2024-04-08,100,Paid
411,2024,2661,2024-04-08,50,Pending
412,611,2684,2024-04-09,100,Pending
413,930,2688,2024-04-09,100,Paid
414,1249,2707,2024-04-09,100,Pending
415,203,2709,2024-04-09,50,Pending
416,612,2714,2024-04-09,75,Paid
417,456,2724,2024-04-10,75,Paid
418,1163,2725,2024-04-10,50,Paid
419,1680,2727,2024-04-10,50,Paid
420,2492,2730,2024-04-10,50,Paid
421,2241,2734,2024-04-10,75,Paid
422,1629,2738,2024-04-11,50,Paid
423,535,2751,2024-04-11,100,Paid
424,1738,2755,2024-04-11,50,Pending
425,1063,2763,2024-04-11,100,Paid
426,2196,2766,2024-04-11,100,Paid
427,1255,2778,2024-04-12,100,Paid
428,1290,2779,2024-04-12,50,Paid
429,226,2786,2024-04-12,50,Paid
430,631,2790,2024-04-12,75,Paid
431,2525,2793,2024-04-12,50,Pending
432,2781,2802,2024-04-13,100,Pending
433,1898,2806,2024-04-13,75,Paid
434,1668,2812,2024-04-13,100,Paid
435,1754,2814,2024-04-13,100,Paid
436,1499,2832,2024-04-14,75,Paid
437,379,2839,2024-04-14,100,Paid
438,973,2842,2024-04-14,50,Paid
439,181,2843,2024-04-14,50,Pending
440,768,2847,2024-04-14,75,Paid
441,2077,2848,2024-04-14,50,Paid
442,245,2850,2024-04-14,75,Paid
443,1493,2851,2024-04-14,50,Pending
444,2373,2853,2024-04-14,50,Paid
445,1822,2860,2024-04-15,100,Paid
446,2105,2863,2024-04-15,50,Paid
447,2806,2866,2024-04-15,75,Paid
448,1411,2869,2024-04-15,50,Paid
449,2152,2876,2024-04-15,100,Pending
450,758,2886,2024-04-15,75,Paid
451,1932,2898,2024-04-16,75,Paid
452,85,2910,2024-04-17,100,Paid
453,2219,2911,2024-04-17,100,Paid
454,1510,2913,2024-04-17,50,Paid
455,1297,2916,2024-04-17,50,Paid
456,1554,2918,2024-04-17,50,Paid
457,512,2930,2024-04-17,100,Paid
458,927,2932,2024-04-17,75,Paid
459,2414,2935,2024-04-17,50,Paid
460,900,2936,2024-04-17,50,Paid
461,2934,2941,2024-04-18,50,Paid
462,391,2942,2024-04-18,75,Paid
463,1406,2948,2024-04-18,100,Pending
464,1050,2955,2024-04-18,100,Paid
465,784,2956,2024-04-18,75,Paid
466,1469,2958,2024-04-18,50,Pending
467,2877,2959,2024-04-18,50,Paid
468,1764,2966,2024-04-19,75,Pending
469,2486,2971,2024-04-19,50,Paid
470,2281,2987,2024-04-19,75,Paid
471,2579,2988,2024-04-19,50,Paid
472,2963,2989,2024-04-19,100,Paid
473,2564,2991,2024-04-19,100,Paid
474,1983,2992,2024-04-19,50,Paid
475,843,2999,2024-04-19,75,Pending
476,250,3000,2024-04-19,100,Paid
477,1134,3003,2024-04-20,50,Paid
478,1405,3014,2024-04-20,75,Paid
479,2604,3015,2024-04-20,50,Paid
480,2189,3021,2024-04-20,100,Pending
481,602,3026,2024-04-20,100,Paid
482,2862,3039,2024-04-21,75,Paid
483,2016,3057,2024-04-21,75,Paid
484,31,3058,2024-04-21,100,Paid
485,1259,3059,2024-04-21,75,Pending
486,2058,3063,2024-04-21,100,Paid
487,1883,3067,2024-04-22,75,Pending
488,2611,3070,2024-04-22,75,Pending
489,2191,3073,2024-04-22,50,Paid
490,873,3095,2024-04-23,50,Paid
491,943,3099,2024-04-23,50,Pending
492,1243,3103,2024-04-23,75,Paid
493,52,3106,2024-04-23,100,Pending
494,1728,3110,2024-04-23,50,Paid
495,1230,3116,2024-04-24,50,Paid
496,548,3121,2024-04-24,100,Paid
497,217,3122,2024-04-24,50,Paid
498,3015,3128,2024-04-24,75,Paid
499,3074,3135,2024-04-24,50,Paid
500,1963,3137,2024-04-24,50,Paid
501,1492,3147,2024-04-24,50,Paid
502,1974,3149,2024-04-24,50,Pending
503,1406,3152,2024-04-25,100,Pending
504,2319,3180,2024-04-25,100,Paid
505,1441,3188,2024-04-26,75,Paid
506,470,3194,2024-04-26,75,Paid
507,793,3196,2024-04-26,75,Paid
508,1529,3204,2024-04-26,50,Paid
509,558,3209,2024-04-26,50,Pending
510,954,3213,2024-04-27,100,Paid
511,644,3216,2024-04-27,50,Paid
512,2084,3229,2024-04-27,50,Paid
513,1382,3232,2024-04-27,75,Pending
514,2114,3234,2024-04-27,100,Paid
515,343,3245,2024-04-28,100,Pending
516,242,3246,2024-04-28,100,Paid
517,1032,3248,2024-04-28,100,Paid
518,2451,3251,2024-04-28,75,Pending
519,514,3256,2024-04-28,100,Paid
520,69,3269,2024-04-28,100,Paid
521,617,3270,2024-04-28,50,Paid
522,1897,3272,2024-04-28,75,Paid
523,1867,3273,2024-04-28,100,Paid
524,2010,3277,2024-04-29,75,Pending
525,2795,3280,2024-04-29,75,Pending
526,2813,3281,2024-04-29,50,Paid
527,130,3287,2024-04-29,75,Paid
528,729,3299,2024-04-30,50,Paid
529,3055,3304,2024-04-30,75,Paid
530,1915,3305,2024-04-30,75,Paid
531,2160,3307,2024-04-30,75,Pending
532,1240,3319,2024-04-30,50,Paid
533,17,3320,2024-04-30,75,Paid
534,530,3325,2024-04-30,50,Paid
535,2526,3360,2024-05-01,75,Paid
536,482,3378,2024-05-02,75,Paid
537,2301,3387,2024-05-02,100,Paid
538,3250,3389,2024-05-02,50,Paid
539,387,3394,2024-05-02,100,Paid
540,2135,3397,2024-05-03,50,Paid
541,2392,3405,2024-05-03,50,Pending
542,1011,3422,2024-05-03,100,Pending
543,1591,3434,2024-05-04,50,Paid
544,2113,3462,2024-05-05,50,Pending
545,2569,3471,2024-05-05,50,Paid
546,2895,3481,2024-05-06,50,Pending
547,626,3487,2024-05-06,75,Paid
548,1763,3519,2024-05-07,100,Paid
549,116,3535,2024-05-08,50,Pending
550,3241,3547,2024-05-08,50,Paid
551,1100,3548,2024-05-08,50,Pending
552,2645,3551,2024-05-08,75,Paid
553,1034,3555,2024-05-08,50,Paid
554,2685,3559,2024-05-08,50,Paid
555,989,3562,2024-05-08,100,Paid
556,2204,3570,2024-05-08,50,Paid
557,3266,3571,2024-05-09,50,Paid
558,672,3572,2024-05-09,50,Paid
559,2477,3573,2024-05-09,100,Paid
560,1275,3576,2024-05-09,75,Paid
561,2338,3577,2024-05-09,100,Paid
562,1849,3578,2024-05-09,75,Paid
563,2011,3583,2024-05-09,50,Paid
564,1226,3588,2024-05-09,75,Paid
565,53,3593,2024-05-09,50,Paid
566,106,3601,2024-05-09,75,Paid
567,3377,3603,2024-05-09,50,Paid
568,1751,3606,2024-05-09,75,Paid
569,798,3619,2024-05-10,50,Paid
570,3099,3626,2024-05-10,50,Paid
571,1663,3640,2024-05-11,50,Paid
572,1772,3641,2024-05-11,100,Paid
573,637,3656,2024-05-12,75,Paid
574,1349,3658,2024-05-12,75,Pending
575,1147,3660,2024-05-12,50,Paid
576,1347,3665,2024-05-12,100,Paid
577,2086,3667,2024-05-12,50,Pending
578,3108,3669,2024-05-12,75,Paid
579,1466,3671,2024-05-12,100,Paid
580,1400,3675,2024-05-12,75,Paid
581,1390,3688,2024-05-12,100,Pending
582,250,3697,2024-05-13,100,Paid
583,2924,3705,2024-05-13,50,Paid
584,1025,3706,2024-05-13,100,Paid
585,2828,3718,2024-05-13,50,Paid
586,248,3727,2024-05-13,75,Paid
587,1182,3730,2024-05-14,100,Paid
588,2188,3732,2024-05-14,100,Paid
589,3714,3745,2024-05-14,50,Paid
590,3465,3754,2024-05-15,50,Paid
591,991,3780,2024-05-15,50,Paid
592,130,3781,2024-05-16,100,Paid
593,3222,3787,2024-05-16,75,Pending
594,3644,3799,2024-05-16,100,Pending
595,2879,3811,2024-05-17,75,Paid
596,3639,3819,2024-05-17,100,Paid
597,2684,3820,2024-05-17,100,Paid
598,3374,3821,2024-05-17,50,Paid
599,2938,3824,2024-05-17,100,Paid
600,2687,3838,2024-05-18,50,Pending
601,230,3844,2024-05-18,50,Paid
602,3264,3853,2024-05-18,75,Paid
603,2362,3855,2024-05-18,100,Paid
604,1581,3856,2024-05-18,75,Paid
605,130,3859,2024-05-18,100,Paid
606,2437,3861,2024-05-18,50,Paid
607,2080,3877,2024-05-19,100,Pending
608,630,3880,2024-05-19,75,Paid
609,71,3893,2024-05-19,100,Pending
610,3349,3909,2024-05-20,100,Paid
611,2900,3913,2024-05-20,75,Paid
612,1740,3914,2024-05-20,100,Paid
613,469,3917,2024-05-20,75,Pending
614,1180,3937,2024-05-21,75,Paid
615,1965,3946,2024-05-21,100,Paid
616,663,3947,2024-05-21,100,Paid
617,187,3951,2024-05-21,50,Paid
618,2598,3955,2024-05-22,75,Pending
619,110,3966,2024-05-22,100,Paid
620,2713,3970,2024-05-22,100,Paid
621,611,3971,2024-05-22,75,Paid
622,1019,3974,2024-05-22,100,Pending
623,908,3975,2024-05-22,50,Pending
624,130,4003,2024-05-23,50,Paid
625,811,4004,2024-05-23,75,Paid
626,3044,4006,2024-05-23,75,Pending
627,1535,4007,2024-05-23,50,Paid
628,3731,4010,2024-05-23,75,Paid
629,3156,4019,2024-05-24,75,Pending
630,2802,4049,2024-05-25,50,Paid
631,471,4060,2024-05-25,75,Paid
632,4058,4072,2024-05-26,50,Pending
633,3910,4081,2024-05-26,75,Paid
634,1490,4086,2024-05-26,50,Pending
635,3909,4090,2024-05-26,100,Paid
636,296,4119,2024-05-27,75,Paid
637,1725,4120,2024-05-27,50,Paid
638,1373,4124,2024-05-27,50,Paid
639,3228,4130,2024-05-27,100,Paid
640,3157,4155,2024-05-28,50,Pending
641,2605,4179,2024-05-29,100,Pending
642,2220,4181,2024-05-29,100,Paid
643,1723,4187,2024-05-30,100,Pending
644,4071,4189,2024-05-30,75,Paid
645,1729,4197,2024-05-30,75,Pending
646,2817,4199,2024-05-30,75,Paid
647,175,4208,2024-05-30,75,Paid
648,2431,4209,2024-05-30,100,Paid
649,1155,4216,2024-05-30,100,Paid
650,2944,4228,2024-05-31,50,Paid
651,2924,4239,2024-05-31,75,Paid
652,61,4242,2024-05-31,50,Paid
653,1681,4256,2024-06-01,100,Paid
654,2411,4260,2024-06-01,50,Paid
655,299,4265,2024-06-01,50,Pending
656,901,4276,2024-06-01,100,Paid
657,1374,4280,2024-06-01,75,Paid
658,1182,4281,2024-06-01,100,Paid
659,334,4285,2024-06-02,75,Paid
660,29,4288,2024-06-02,75,Paid
661,609,4293,2024-06-02,75,Paid
662,291,4308,2024-06-02,75,Pending
663,1119,4315,2024-06-02,75,Paid
664,821,4316,2024-06-03,75,Paid
665,3759,4324,2024-06-03,75,Pending
666,3961,4328,2024-06-03,50,Paid
667,1993,4340,2024-06-04,75,Paid
668,937,4346,2024-06-04,75,Pending
669,3902,4351,2024-06-04,50,Paid
670,4091,4365,2024-06-05,50,Paid
671,1887,4368,2024-06-05,100,Paid
672,1204,4370,2024-06-05,100,Paid
673,3098,4377,2024-06-05,100,Paid
674,3365,4398,2024-06-06,75,Paid
675,3190,4402,2024-06-06,50,Paid
676,707,4409,2024-06-06,75,Paid
677,3401,4411,2024-06-06,100,Pending
678,1222,4413,2024-06-06,50,Paid
679,957,4419,2024-06-06,75,Paid
680,834,4421,2024-06-06,50,Pending
681,3355,4423,2024-06-06,75,Paid
682,4172,4430,2024-06-07,100,Paid
683,2543,4433,2024-06-07,75,Paid
684,2915,4434,2024-06-07,50,Pending
685,322,4436,2024-06-07,75,Paid
686,2901,4437,2024-06-07,100,Paid
687,748,4445,2024-06-07,50,Paid
688,763,4446,2024-06-07,75,Paid
689,2031,4449,2024-06-07,75,Pending
690,409,4459,2024-06-08,100,Paid
691,3985,4483,2024-06-09,50,Paid
692,3610,4484,2024-06-09,100,Paid
693,1226,4487,2024-06-09,100,Paid
694,1815,4489,2024-06-09,75,Pending
695,4128,4490,2024-06-09,100,Paid
696,3636,4512,2024-06-10,75,Paid
697,2125,4515,2024-06-10,75,Paid
698,1180,4516,2024-06-10,50,Paid
699,1946,4528,2024-06-10,50,Paid
700,647,4536,2024-06-11,50,Paid
701,1187,4538,2024-06-11,100,Paid
702,194,4541,2024-06-11,100,Paid
703,635,4543,2024-06-11,75,Paid
704,3997,4554,2024-06-11,50,Paid
705,1884,4556,2024-06-11,50,Paid
706,3786,4559,2024-06-12,75,Paid
707,3834,4566,2024-06-12,100,Paid
708,62,4576,2024-06-12,50,Paid
709,2890,4579,2024-06-12,100,Paid
710,2581,4588,2024-06-12,50,Paid
711,4195,4594,2024-06-12,100,Paid
712,612,4595,2024-06-13,75,Pending
713,3067,4599,2024-06-13,50,Paid
714,186,4605,2024-06-13,50,Paid
715,701,4607,2024-06-13,100,Paid
716,1329,4613,2024-06-13,50,Paid
717,2133,4614,2024-06-13,75,Paid
718,4263,4615,2024-06-13,75,Paid
719,802,4617,2024-06-13,50,Paid
720,3506,4618,2024-06-13,75,Paid
721,185,4625,2024-06-13,100,Pending
722,3871,4627,2024-06-13,50,Paid
723,1188,4636,2024-06-14,75,Paid
724,949,4643,2024-06-14,50,Pending
725,3819,4648,2024-06-14,100,Paid
726,620,4649,2024-06-14,50,Paid
727,3887,4651,2024-06-14,75,Paid
728,1231,4655,2024-06-15,100,Paid
729,690,4659,2024-06-15,50,Paid
730,1476,4662,2024-06-15,50,Pending
731,523,4666,2024-06-15,100,Pending
732,1238,4674,2024-06-15,75,Paid
733,1182,4690,2024-06-16,75,Paid
734,3060,4715,2024-06-17,75,Paid
735,1613,4724,2024-06-17,75,Paid
736,4520,4725,2024-06-17,50,Pending
737,3553,4728,2024-06-17,50,Paid
738,1351,4729,2024-06-17,100,Paid
739,4260,4735,2024-06-17,75,Paid
740,1780,4740,2024-06-18,100,Paid
741,1695,4748,2024-06-18,50,Pending
742,429,4750,2024-06-18,75,Pending
743,644,4761,2024-06-18,75,Pending
744,1979,4770,2024-06-19,75,Paid
745,2539,4773,2024-06-19,75,Paid
746,3623,4778,2024-06-19,100,Pending
747,1945,4793,2024-06-19,100,Pending
748,3747,4794,2024-06-19,50,Paid
749,618,4805,2024-06-20,50,Paid
750,4224,4809,2024-06-20,100,Paid
751,3924,4817,2024-06-20,100,Paid
752,3565,4824,2024-06-20,75,Paid
753,1518,4839,2024-06-21,75,Paid
754,3736,4856,2024-06-21,100,Paid
755,1750,4859,2024-06-21,50,Paid
756,4276,4860,2024-06-21,50,Paid
757,533,4870,2024-06-22,100,Paid
758,2752,4886,2024-06-22,75,Pending
759,4117,4887,2024-06-22,100,Pending
760,368,4888,2024-06-22,50,Pending
761,3047,4892,2024-06-22,100,Pending
762,4118,4903,2024-06-23,100,Pending
763,4325,4911,2024-06-23,50,Paid
764,4378,4913,2024-06-23,50,Paid
765,3025,4923,2024-06-23,50,Paid
766,999,4928,2024-06-23,100,Pending
767,164,4930,2024-06-23,50,Paid
768,4465,4933,2024-06-23,100,Paid
769,2744,4935,2024-06-23,50,Paid
770,934,4938,2024-06-24,75,Paid
771,4849,4943,2024-06-24,100,Paid
772,3353,4948,2024-06-24,75,Paid
773,2477,4949,2024-06-24,75,Paid
774,3553,4950,2024-06-24,50,Paid
775,4584,4960,2024-06-24,50,Paid
776,1340,4980,2024-06-25,50,Paid
777,1038,4984,2024-06-25,50,Paid
778,2291,4994,2024-06-26,100,Paid
779,1044,5004,2024-06-26,75,Paid
780,4594,5007,2024-06-26,50,Paid
781,3061,5020,2024-06-27,50,Paid
782,3622,5021,2024-06-27,50,Paid
783,4311,5027,2024-06-27,75,Pending
784,3391,5034,2024-06-27,75,Pending
785,697,5038,2024-06-27,75,Paid
786,2291,5054,2024-06-28,50,Pending
787,4953,5055,2024-06-28,100,Paid
788,366,5066,2024-06-28,50,Pending
789,3042,5103,2024-06-29,100,Paid
790,4537,5106,2024-06-29,100,Pending
791,2299,5108,2024-06-29,75,Paid
792,351,5115,2024-06-30,100,Paid
793,3743,5118,2024-06-30,75,Paid
794,2274,5123,2024-06-30,100,Paid
795,1894,5129,2024-06-30,50,Paid
796,2961,5138,2024-06-30,50,Paid
797,5076,5142,2024-06-30,100,Paid
798,2872,5143,2024-06-30,75,Paid
799,1395,5144,2024-07-01,50,Pending
800,2530,5147,2024-07-01,75,Paid
801,3911,5166,2024-07-01,50,Pending
802,412,5167,2024-07-01,75,Paid
803,603,5168,2024-07-01,75,Paid
804,4851,5170,2024-07-01,50,Pending
805,2047,5176,2024-07-01,50,Paid
806,1992,5180,2024-07-01,75,Paid
807,4395,5186,2024-07-02,50,Paid
808,1002,5193,2024-07-02,75,Paid
809,5115,5212,2024-07-03,100,Pending
810,4810,5216,2024-07-03,75,Pending
811,2029,5223,2024-07-03,100,Pending
812,1501,5230,2024-07-03,75,Paid
813,1008,5238,2024-07-04,100,Pending
814,600,5239,2024-07-04,100,Paid
815,276,5241,2024-07-04,100,Pending
816,4591,5249,2024-07-04,50,Paid
817,1060,5256,2024-07-04,75,Paid
818,1348,5263,2024-07-04,100,Paid
819,1817,5274,2024-07-05,50,Paid
820,4199,5279,2024-07-05,75,Pending
821,1265,5292,2024-07-05,100,Paid
822,1643,5310,2024-07-06,75,Paid
823,3650,5312,2024-07-06,75,Paid
824,3499,5314,2024-07-06,100,Pending
825,647,5316,2024-07-06,75,Pending
826,4881,5326,2024-07-06,100,Paid
827,3313,5332,2024-07-07,50,Paid
828,2617,5337,2024-07-07,100,Paid
829,1779,5349,2024-07-07,75,Paid
830,3494,5357,2024-07-08,75,Pending
831,497,5359,2024-07-08,100,Pending
832,554,5369,2024-07-08,50,Paid
833,4952,5378,2024-07-08,100,Paid
834,284,5381,2024-07-08,100,Paid
835,2112,5387,2024-07-09,100,Pending
836,2713,5398,2024-07-09,100,Paid
837,1360,5406,2024-07-09,75,Paid
838,4511,5414,2024-07-09,50,Paid
839,1648,5417,2024-07-10,50,Paid
840,3448,5421,2024-07-10,75,Pending
841,3539,5449,2024-07-11,100,Paid
842,5140,5456,2024-07-11,50,Paid
843,3667,5457,2024-07-11,50,Paid
844,2761,5461,2024-07-11,75,Pending
845,2569,5472,2024-07-12,75,Paid
846,926,5475,2024-07-12,75,Paid
847,2994,5478,2024-07-12,75,Pending
848,2081,5484,2024-07-12,50,Paid
849,1059,5488,2024-07-12,50,Paid
850,966,5511,2024-07-13,100,Paid
851,2747,5512,2024-07-13,75,Paid
852,2362,5519,2024-07-13,50,Paid
853,1245,5521,2024-07-13,100,Paid
854,3072,5528,2024-07-13,50,Paid
855,4595,5535,2024-07-13,75,Paid
856,293,5550,2024-07-14,50,Paid
857,5476,5556,2024-07-14,75,Paid
858,4792,5560,2024-07-14,100,Paid
859,3117,5565,2024-07-14,100,Paid
860,2320,5566,2024-07-14,75,Paid
861,1201,5578,2024-07-15,100,Pending
862,5343,5581,2024-07-15,75,Pending
863,442,5582,2024-07-15,100,Pending
864,4367,5586,2024-07-15,50,Pending
865,4776,5600,2024-07-15,50,Pending
866,3610,5604,2024-07-15,100,Paid
867,3476,5608,2024-07-15,100,Paid
868,1298,5609,2024-07-16,100,Pending
869,3805,5624,2024-07-16,50,Paid
870,5498,5626,2024-07-16,50,Paid
871,3101,5629,2024-07-16,50,Paid
872,3963,5639,2024-07-17,50,Paid
873,4399,5640,2024-07-17,100,Paid
874,4409,5643,2024-07-17,100,Paid
875,2276,5649,2024-07-17,50,Pending
876,4476,5653,2024-07-17,75,Paid
877,2601,5661,2024-07-17,50,Paid
878,143,5663,2024-07-17,75,Pending
879,2202,5682,2024-07-18,100,Pending
880,1583,5683,2024-07-18,50,Paid
881,5531,5690,2024-07-18,100,Pending
882,340,5712,2024-07-19,75,Paid
883,1192,5715,2024-07-19,100,Paid
884,1680,5716,2024-07-19,75,Paid
885,3056,5722,2024-07-19,75,Paid
886,1578,5724,2024-07-19,100,Paid
887,4041,5726,2024-07-19,75,Paid
888,3167,5749,2024-07-19,50,Paid
889,3151,5754,2024-07-20,75,Paid
890,1324,5755,2024-07-20,100,Paid
891,3497,5764,2024-07-20,50,Paid
892,2794,5785,2024-07-20,50,Paid
893,3699,5788,2024-07-20,100,Paid
894,1598,5795,2024-07-21,50,Paid
895,657,5801,2024-07-21,75,Paid
896,165,5803,2024-07-21,100,Paid
897,5420,5805,2024-07-21,50,Paid
898,4725,5821,2024-07-21,75,Paid
899,714,5830,2024-07-22,75,Paid
900,2400,5835,2024-07-22,75,Paid
901,5564,5851,2024-07-22,100,Paid
902,1383,5872,2024-07-23,100,Paid
903,5406,5885,2024-07-24,50,Paid
904,2344,5886,2024-07-24,75,Paid
905,687,5888,2024-07-24,100,Paid
906,250,5891,2024-07-24,50,Paid
907,3055,5898,2024-07-24,50,Paid
908,1705,5901,2024-07-24,50,Paid
909,3478,5906,2024-07-24,75,Pending
910,2151,5935,2024-07-25,75,Paid
911,1797,5939,2024-07-25,50,Paid
912,2576,5943,2024-07-26,75,Paid
913,2343,5951,2024-07-26,100,Paid
914,5408,5953,2024-07-26,75,Paid
915,3064,5958,2024-07-26,75,Paid
916,1285,5959,2024-07-26,75,Paid
917,1226,5960,2024-07-26,75,Paid
918,5730,5968,2024-07-27,50,Paid
919,3092,5969,2024-07-27,100,Paid
920,5206,5978,2024-07-27,50,Pending
921,1368,5980,2024-07-27,100,Paid
922,2817,6014,2024-07-28,75,Paid
923,2156,6022,2024-07-28,75,Paid
924,3120,6045,2024-07-29,75,Pending
925,780,6059,2024-07-29,100,Paid
926,450,6070,2024-07-30,50,Paid
927,1012,6076,2024-07-30,100,Paid
928,2147,6082,2024-07-30,50,Pending
929,2272,6085,2024-07-30,100,Paid
930,2218,6095,2024-07-30,75,Paid
931,5672,6103,2024-07-31,75,Paid
932,4290,6105,2024-07-31,75,Paid
933,1255,6107,2024-07-31,50,Paid
934,3129,6109,2024-07-31,100,Pending
935,5475,6114,2024-07-31,75,Pending
936,2799,6117,2024-07-31,50,Paid
937,429,6120,2024-07-31,100,Pending
938,582,6124,2024-07-31,75,Pending
939,1135,6126,2024-07-31,75,Paid
940,5357,6133,2024-08-01,100,Paid
941,5110,6138,2024-08-01,50,Pending
942,3778,6144,2024-08-01,50,Pending
943,4156,6162,2024-08-02,50,Paid
944,712,6167,2024-08-02,50,Paid
945,2459,6169,2024-08-02,100,Paid
946,6109,6170,2024-08-02,75,Paid
947,6155,6174,2024-08-02,75,Paid
948,5037,6178,2024-08-02,100,Paid
949,3984,6188,2024-08-02,100,Paid
950,3404,6195,2024-08-02,75,Paid
951,5677,6214,2024-08-03,75,Paid
952,6147,6217,2024-08-03,100,Paid
953,3889,6223,2024-08-03,50,Paid
954,1043,6230,2024-08-03,50,Paid
955,4887,6235,2024-08-03,100,Paid
956,1961,6239,2024-08-03,75,Paid
957,4406,6240,2024-08-03,75,Pending
958,6095,6245,2024-08-04,100,Paid
959,5372,6251,2024-08-04,50,Pending
960,563,6254,2024-08-04,100,Pending
961,1686,6261,2024-08-04,75,Paid
962,3829,6269,2024-08-04,50,Paid
963,2724,6271,2024-08-04,100,Paid
964,622,6272,2024-08-04,75,Pending
965,2889,6276,2024-08-04,100,Pending
966,4209,6280,2024-08-05,100,Paid
967,3483,6282,2024-08-05,50,Paid
968,2858,6287,2024-08-05,50,Paid
969,2666,6291,2024-08-05,100,Paid
970,4015,6297,2024-08-05,50,Paid
971,647,6298,2024-08-05,75,Paid
972,1979,6308,2024-08-05,75,Pending
973,3832,6314,2024-08-06,75,Paid
974,2412,6320,2024-08-06,75,Paid
975,6259,6321,2024-08-06,50,Paid
976,4418,6328,2024-08-06,100,Paid
977,1426,6329,2024-08-06,50,Paid
978,5192,6336,2024-08-06,50,Paid
979,3548,6342,2024-08-07,75,Pending
980,5879,6344,2024-08-07,50,Paid
981,5184,6352,2024-08-07,50,Pending
982,1413,6356,2024-08-07,50,Paid
983,4320,6370,2024-08-08,100,Pending
984,2425,6382,2024-08-08,50,Paid
985,827,6385,2024-08-08,100,Pending
986,2130,6387,2024-08-08,50,Paid
987,1869,6388,2024-08-08,75,Pending
988,2139,6411,2024-08-09,75,Pending
989,2548,6423,2024-08-09,100,Paid
990,1136,6435,2024-08-09,50,Paid
991,1385,6445,2024-08-10,50,Paid
992,3402,6450,2024-08-10,50,Pending
993,811,6460,2024-08-10,100,Pending
994,5424,6463,2024-08-10,50,Paid
995,1034,6465,2024-08-10,100,Paid
996,5353,6472,2024-08-10,50,Pending
997,580,6482,2024-08-11,50,Paid
998,1944,6492,2024-08-11,50,Paid
999,2891,6503,2024-08-11,50,Paid
1000,4719,6505,2024-08-11,50,Paid
1001,2327,6507,2024-08-11,75,Paid
1002,1778,6509,2024-08-11,75,Paid
1003,971,6523,2024-08-12,100,Paid
1004,4104,6527,2024-08-12,75,Pending
1005,1345,6535,2024-08-13,100,Pending
1006,1727,6564,2024-08-13,75,Paid
1007,6050,6594,2024-08-14,100,Pending
1008,6060,6598,2024-08-14,50,Pending
1009,1462,6616,2024-08-15,50,Pending
1010,1825,6626,2024-08-15,75,Pending
1011,4936,6635,2024-08-15,75,Pending
1012,6166,6639,2024-08-16,75,Pending
1013,6532,6643,2024-08-16,75,Paid
1014,4503,6645,2024-08-16,50,Pending
1015,4702,6649,2024-08-16,100,Paid
1016,3294,6651,2024-08-16,50,Paid
1017,4987,6668,2024-08-17,75,Paid
1018,275,6671,2024-08-17,50,Paid
1019,5105,6688,2024-08-17,50,Paid
1020,4678,6695,2024-08-17,75,Paid
1021,2018,6696,2024-08-17,100,Pending
1022,4224,6700,2024-08-17,100,Paid
1023,4284,6701,2024-08-17,50,Pending
1024,2052,6705,2024-08-18,100,Paid
1025,2827,6720,2024-08-18,100,Paid
1026,3266,6721,2024-08-18,50,Paid
1027,4022,6724,2024-08-18,100,Paid
1028,2947,6728,2024-08-18,75,Paid
1029,6366,6732,2024-08-19,100,Paid
1030,1326,6737,2024-08-19,75,Paid
1031,1864,6741,2024-08-19,75,Paid
1032,487,6747,2024-08-19,75,Paid
1033,1811,6760,2024-08-20,75,Paid
1034,4373,6772,2024-08-20,50,Paid
1035,1170,6776,2024-08-20,75,Paid
1036,3568,6784,2024-08-20,50,Paid
1037,4514,6788,2024-08-20,50,Paid
1038,3982,6790,2024-08-21,50,Paid
1039,4131,6797,2024-08-21,75,Paid
1040,1800,6798,2024-08-21,75,Paid
1041,2453,6804,2024-08-21,50,Paid
1042,1073,6811,2024-08-21,50,Pending
1043,6256,6814,2024-08-21,75,Paid
1044,426,6825,2024-08-22,100,Paid
1045,1581,6838,2024-08-22,75,Paid
1046,2014,6841,2024-08-22,100,Pending
1047,2201,6864,2024-08-23,100,Paid
1048,2821,6871,2024-08-23,50,Paid
1049,4375,6875,2024-08-23,75,Paid
1050,6276,6888,2024-08-24,75,Pending
1051,5490,6891,2024-08-24,50,Paid
1052,2668,6896,2024-08-24,50,Paid
1053,3524,6898,2024-08-24,100,Pending
1054,4802,6904,2024-08-24,75,Paid
1055,6162,6906,2024-08-24,75,Pending
1056,5769,6907,2024-08-24,50,Pending
1057,5221,6912,2024-08-24,100,Pending
1058,4660,6916,2024-08-24,75,Paid
1059,1099,6933,2024-08-25,50,Paid
1060,5166,6934,2024-08-25,50,Paid
1061,737,6941,2024-08-25,75,Paid
1062,4903,6943,2024-08-25,100,Pending
1063,1168,6948,2024-08-26,75,Paid
1064,4137,6960,2024-08-26,50,Paid
1065,2986,6968,2024-08-26,75,Pending
1066,488,6976,2024-08-26,100,Paid
1067,2839,6979,2024-08-27,75,Paid
1068,3156,6982,2024-08-27,100,Pending
1069,3101,6983,2024-08-27,100,Paid
1070,3059,6991,2024-08-27,75,Paid
1071,4621,6998,2024-08-27,50,Paid
1072,84,7002,2024-08-27,100,Paid
1073,6631,7024,2024-08-28,50,Pending
1074,7007,7026,2024-08-28,100,Paid
1075,2687,7031,2024-08-28,50,Paid
1076,1179,7036,2024-08-28,100,Pending
1077,4779,7037,2024-08-28,50,Paid
1078,483,7041,2024-08-28,50,Paid
1079,5524,7047,2024-08-29,100,Paid
1080,1995,7048,2024-08-29,75,Paid
1081,6724,7049,2024-08-29,50,Pending
1082,5777,7053,2024-08-29,50,Pending
1083,2121,7058,2024-08-29,100,Paid
1084,6776,7061,2024-08-29,100,Paid
1085,81,7064,2024-08-29,100,Paid
1086,5677,7068,2024-08-29,50,Paid
1087,1856,7074,2024-08-29,75,Paid
1088,1125,7077,2024-08-29,75,Paid
1089,4051,7080,2024-08-30,50,Paid
1090,1733,7081,2024-08-30,50,Paid
1091,1676,7085,2024-08-30,100,Paid
1092,1820,7088,2024-08-30,100,Paid
1093,5689,7099,2024-08-30,100,Paid
1094,1577,7103,2024-08-30,50,Pending
1095,6174,7111,2024-08-30,100,Paid
1096,858,7113,2024-08-31,100,Paid
1097,3893,7122,2024-08-31,75,Paid
1098,6392,7128,2024-08-31,50,Paid
1099,3199,7132,2024-08-31,75,Paid
1100,2813,7133,2024-08-31,50,Paid
1101,6297,7136,2024-08-31,100,Paid
1102,888,7137,2024-08-31,100,Paid
1103,2690,7143,2024-08-31,100,Paid
1104,5150,7148,2024-08-31,50,Paid
1105,2730,7152,2024-08-31,100,Paid
1106,6238,7155,2024-09-01,100,Pending
1107,5423,7158,2024-09-01,75,Pending
1108,6450,7166,2024-09-01,50,Paid
1109,5929,7170,2024-09-01,75,Pending
1110,7018,7198,2024-09-02,50,Paid
1111,1086,7205,2024-09-02,100,Paid
1112,3866,7206,2024-09-02,50,Paid
1113,491,7215,2024-09-02,100,Pending
1114,1856,7218,2024-09-03,100,Paid
1115,6485,7219,2024-09-03,75,Paid
1116,6611,7220,2024-09-03,75,Paid
1117,1912,7226,2024-09-03,75,Paid
1118,2839,7230,2024-09-03,75,Paid
1119,4722,7233,2024-09-03,50,Paid
1120,112,7234,2024-09-03,50,Paid
1121,6346,7237,2024-09-03,100,Paid
1122,4103,7253,2024-09-04,100,Paid
1123,1759,7262,2024-09-04,50,Pending
1124,7035,7270,2024-09-04,75,Paid
1125,1349,7274,2024-09-04,100,Pending
1126,5785,7275,2024-09-04,100,Paid
1127,1005,7281,2024-09-05,50,Paid
1128,2764,7290,2024-09-05,100,Paid
1129,1375,7292,2024-09-05,100,Paid
1130,6461,7294,2024-09-05,50,Pending
1131,6436,7295,2024-09-05,100,Paid
1132,5902,7328,2024-09-06,75,Pending
1133,692,7329,2024-09-06,100,Paid
1134,3924,7336,2024-09-06,100,Paid
1135,6217,7355,2024-09-07,100,Paid
1136,2791,7359,2024-09-07,75,Pending
1137,6560,7371,2024-09-08,75,Pending
1138,64,7377,2024-09-08,100,Paid
1139,7304,7378,2024-09-08,100,Pending
1140,6298,7383,2024-09-08,75,Pending
1141,580,7386,2024-09-08,50,Paid
1142,5804,7401,2024-09-08,75,Paid
1143,3239,7402,2024-09-08,75,Paid
1144,5297,7405,2024-09-08,50,Paid
1145,5396,7408,2024-09-08,100,Pending
1146,871,7409,2024-09-09,100,Paid
1147,1822,7412,2024-09-09,75,Pending
1148,2822,7431,2024-09-09,50,Paid
1149,7391,7440,2024-09-10,50,Pending
1150,4660,7446,2024-09-10,75,Pending
1151,6852,7454,2024-09-10,75,Paid
1152,6497,7455,2024-09-10,100,Paid
1153,2410,7486,2024-09-11,75,Pending
1154,4189,7487,2024-09-11,50,Pending
1155,1376,7491,2024-09-11,75,Paid
1156,2375,7497,2024-09-11,50,Paid
1157,1554,7503,2024-09-11,75,Paid
1158,3072,7529,2024-09-12,100,Paid
1159,1120,7530,2024-09-12,75,Paid
1160,4185,7533,2024-09-12,50,Paid
1161,4646,7548,2024-09-12,75,Pending
1162,3996,7555,2024-09-13,75,Pending
1163,3519,7556,2024-09-13,50,Pending
1164,3257,7561,2024-09-13,75,Pending
1165,7078,7571,2024-09-13,75,Paid
1166,7030,7574,2024-09-13,50,Paid
1167,3987,7598,2024-09-14,100,Paid
1168,7233,7600,2024-09-14,100,Paid
1169,589,7617,2024-09-15,75,Paid
1170,6681,7618,2024-09-15,50,Paid
1171,1876,7619,2024-09-15,50,Pending
1172,6347,7623,2024-09-15,50,Pending
1173,1448,7632,2024-09-16,75,Pending
1174,3879,7633,2024-09-16,100,Paid
1175,1555,7635,2024-09-16,100,Paid
1176,4549,7644,2024-09-16,50,Paid
1177,4375,7659,2024-09-16,75,Paid
1178,4253,7662,2024-09-16,50,Pending
1179,5732,7664,2024-09-16,50,Paid
1180,6338,7669,2024-09-16,75,Pending
1181,5390,7672,2024-09-17,50,Paid
1182,5097,7673,2024-09-17,100,Paid
1183,3327,7676,2024-09-17,50,Paid
1184,5724,7678,2024-09-17,100,Paid
1185,5699,7684,2024-09-17,75,Paid
1186,3083,7687,2024-09-17,100,Paid
1187,6234,7693,2024-09-17,100,Pending
1188,5750,7701,2024-09-17,100,Pending
1189,7599,7704,2024-09-17,75,Pending
1190,116,7706,2024-09-17,50,Paid
1191,4346,7708,2024-09-17,100,Paid
1192,6802,7731,2024-09-18,50,Paid
1193,4115,7733,2024-09-18,50,Paid
1194,5772,7739,2024-09-18,50,Paid
1195,1488,7740,2024-09-18,75,Paid
1196,4794,7747,2024-09-18,50,Pending
1197,4727,7748,2024-09-18,100,Paid
1198,6305,7759,2024-09-19,75,Paid
1199,1159,7766,2024-09-19,50,Paid
1200,4984,7767,2024-09-19,75,Paid
1201,7554,7772,2024-09-19,50,Paid
1202,4129,7775,2024-09-19,50,Paid
1203,6324,7780,2024-09-19,50,Pending
1204,847,7783,2024-09-19,100,Paid
1205,1940,7791,2024-09-20,50,Paid
1206,4811,7793,2024-09-20,75,Paid
1207,1175,7794,2024-09-20,50,Paid
1208,4086,7796,2024-09-20,75,Paid
1209,1713,7804,2024-09-20,50,Paid
1210,1911,7806,2024-09-20,75,Paid
1211,7601,7809,2024-09-20,75,Pending
1212,5805,7820,2024-09-21,50,Paid
1213,2336,7821,2024-09-21,100,Pending
1214,5718,7827,2024-09-21,75,Paid
1215,5674,7832,2024-09-21,75,Paid
1216,1615,7834,2024-09-21,50,Paid
1217,1878,7839,2024-09-21,75,Paid
1218,284,7847,2024-09-21,100,Paid
1219,1196,7849,2024-09-21,75,Pending
1220,266,7856,2024-09-22,100,Paid
1221,3126,7867,2024-09-22,75,Pending
1222,5709,7870,2024-09-22,75,Paid
1223,7604,7880,2024-09-22,100,Pending
1224,5283,7889,2024-09-23,100,Pending
1225,5763,7896,2024-09-23,50,Paid
1226,3140,7907,2024-09-23,100,Paid
1227,2379,7908,2024-09-23,75,Paid
1228,3763,7910,2024-09-23,50,Paid
1229,3235,7921,2024-09-23,75,Paid
1230,4892,7929,2024-09-24,75,Pending
1231,3229,7930,2024-09-24,100,Pending
1232,3140,7937,2024-09-24,100,Pending
1233,5288,7942,2024-09-24,75,Paid
1234,2302,7947,2024-09-24,100,Paid
1235,1822,7958,2024-09-24,100,Paid
1236,2155,7974,2024-09-25,75,Paid
1237,1397,7976,2024-09-25,100,Paid
1238,992,7978,2024-09-25,100,Pending
1239,7868,7985,2024-09-25,100,Paid
1240,3209,7998,2024-09-25,75,Pending
1241,1703,8005,2024-09-26,50,Pending
1242,6471,8032,2024-09-27,75,Paid
1243,2925,8040,2024-09-27,100,Paid
1244,2150,8044,2024-09-27,50,Paid
1245,2791,8057,2024-09-27,50,Pending
1246,3172,8089,2024-09-28,75,Paid
1247,4956,8102,2024-09-29,100,Pending
1248,3071,8109,2024-09-29,50,Paid
1249,7249,8123,2024-09-29,50,Paid
1250,3471,8134,2024-09-30,100,Pending
1251,3671,8138,2024-09-30,100,Paid
1252,4147,8142,2024-09-30,100,Paid
1253,1087,8162,2024-09-30,75,Paid
1254,6989,8179,2024-10-01,100,Pending
1255,2844,8181,2024-10-01,100,Paid
1256,5726,8195,2024-10-01,100,Paid
1257,6597,8198,2024-10-01,75,Paid
1258,7854,8204,2024-10-02,100,Paid
1259,7973,8205,2024-10-02,75,Paid
1260,4807,8209,2024-10-02,75,Paid
1261,731,8217,2024-10-02,100,Paid
1262,1899,8219,2024-10-02,100,Paid
1263,2614,8224,2024-10-02,75,Pending
1264,3873,8229,2024-10-03,50,Paid
1265,2345,8230,2024-10-03,50,Pending
1266,694,8234,2024-10-03,50,Paid
1267,161,8235,2024-10-03,50,Paid
1268,4323,8236,2024-10-03,100,Paid
1269,4871,8238,2024-10-03,100,Pending
1270,5673,8242,2024-10-03,75,Paid
1271,6449,8243,2024-10-03,100,Pending
1272,419,8283,2024-10-04,50,Paid
1273,1349,8286,2024-10-04,75,Paid
1274,8223,8297,2024-10-05,100,Paid
1275,1411,8299,2024-10-05,50,Paid
1276,653,8303,2024-10-05,50,Pending
1277,7236,8304,2024-10-05,50,Paid
1278,6705,8306,2024-10-05,100,Paid
1279,866,8316,2024-10-06,50,Paid
1280,5687,8319,2024-10-06,50,Paid
1281,3951,8329,2024-10-06,100,Paid
1282,8054,8343,2024-10-06,75,Paid
1283,3694,8363,2024-10-07,50,Paid
1284,7993,8371,2024-10-07,100,Paid
1285,6418,8374,2024-10-07,75,Paid
1286,7033,8382,2024-10-07,75,Paid
1287,2851,8390,2024-10-08,50,Paid
1288,5144,8393,2024-10-08,75,Paid
1289,4335,8399,2024-10-08,100,Paid
1290,8041,8404,2024-10-08,50,Pending
1291,4833,8416,2024-10-08,100,Paid
1292,7043,8418,2024-10-09,50,Paid
1293,4094,8420,2024-10-09,100,Paid
1294,3853,8431,2024-10-09,50,Paid
1295,1328,8434,2024-10-09,50,Paid
1296,8276,8438,2024-10-09,100,Paid
1297,6922,8439,2024-10-09,75,Paid
1298,3238,8442,2024-10-09,75,Paid
1299,4241,8446,2024-10-09,50,Pending
1300,2370,8448,2024-10-09,75,Paid
1301,3716,8454,2024-10-09,100,Pending
1302,7537,8455,2024-10-10,100,Pending
1303,2740,8464,2024-10-10,50,Paid
1304,3895,8465,2024-10-10,50,Paid
1305,8390,8469,2024-10-10,100,Paid
1306,5511,8470,2024-10-10,75,Paid
1307,5560,8474,2024-10-10,100,Paid
1308,10,8479,2024-10-10,100,Paid
1309,711,8481,2024-10-10,75,Paid
1310,8145,8487,2024-10-11,75,Paid
1311,1437,8488,2024-10-11,75,Pending
1312,1288,8494,2024-10-11,50,Paid
1313,4444,8496,2024-10-11,100,Paid
1314,8178,8504,2024-10-11,75,Paid
1315,3363,8505,2024-10-11,50,Pending
1316,6527,8512,2024-10-11,100,Paid
1317,5221,8520,2024-10-12,75,Paid
1318,8226,8530,2024-10-12,75,Paid
1319,4828,8544,2024-10-12,100,Pending
1320,3245,8548,2024-10-12,100,Paid
1321,4597,8549,2024-10-12,75,Paid
1322,2824,8551,2024-10-12,75,Paid
1323,6119,8557,2024-10-12,100,Paid
1324,1712,8559,2024-10-12,75,Pending
1325,2700,8567,2024-10-13,50,Paid
1326,3986,8574,2024-10-13,75,Paid
1327,2877,8592,2024-10-13,75,Paid
1328,7503,8593,2024-10-13,50,Paid
1329,8501,8596,2024-10-13,100,Paid
1330,3642,8598,2024-10-13,75,Paid
1331,4843,8613,2024-10-14,75,Paid
1332,2224,8615,2024-10-14,75,Paid
1333,4072,8616,2024-10-14,50,Paid
1334,6124,8620,2024-10-14,75,Paid
1335,7252,8621,2024-10-14,100,Paid
1336,7375,8631,2024-10-15,100,Paid
1337,5745,8652,2024-10-15,100,Pending
1338,2294,8664,2024-10-16,75,Paid
1339,2089,8673,2024-10-16,50,Paid
1340,2137,8675,2024-10-16,75,Paid
1341,5208,8686,2024-10-16,50,Pending
1342,1873,8689,2024-10-17,50,Paid
1343,7586,8691,2024-10-17,50,Paid
1344,3549,8702,2024-10-17,50,Pending
1345,1552,8705,2024-10-17,100,Pending
1346,6501,8711,2024-10-18,50,Paid
1347,7257,8713,2024-10-18,75,Paid
1348,4953,8714,2024-10-18,100,Paid
1349,5807,8716,2024-10-18,100,Paid
1350,7674,8722,2024-10-18,50,Pending
1351,3065,8731,2024-10-18,75,Paid
1352,2534,8743,2024-10-18,100,Paid
1353,474,8758,2024-10-19,50,Paid
1354,4477,8763,2024-10-19,75,Paid
1355,3116,8767,2024-10-19,100,Paid
1356,821,8769,2024-10-19,75,Paid
1357,5333,8774,2024-10-19,50,Paid
1358,3274,8778,2024-10-19,100,Paid
1359,7590,8779,2024-10-19,50,Paid
1360,6354,8781,2024-10-19,75,Paid
1361,3349,8784,2024-10-19,75,Paid
1362,169,8794,2024-10-20,75,Paid
1363,877,8801,2024-10-20,100,Paid
1364,5335,8803,2024-10-20,100,Paid
1365,8664,8809,2024-10-20,100,Paid
1366,8624,8810,2024-10-20,50,Paid
1367,3602,8821,2024-10-21,75,Paid
1368,910,8823,2024-10-21,75,Paid
1369,7401,8829,2024-10-21,75,Pending
1370,139,8844,2024-10-21,75,Pending
1371,6026,8849,2024-10-21,50,Paid
1372,1379,8855,2024-10-22,50,Paid
1373,6656,8870,2024-10-22,75,Paid
1374,3365,8875,2024-10-22,100,Paid
1375,8794,8884,2024-10-22,100,Paid
1376,8405,8886,2024-10-22,50,Paid
1377,7138,8889,2024-10-22,100,Paid
1378,8548,8893,2024-10-23,100,Paid
1379,7776,8899,2024-10-23,50,Pending
1380,5830,8916,2024-10-23,100,Paid
1381,6637,8919,2024-10-23,50,Paid
1382,1065,8920,2024-10-23,50,Paid
1383,1844,8923,2024-10-24,100,Pending
1384,1058,8924,2024-10-24,75,Paid
1385,6568,8942,2024-10-24,100,Paid
1386,3377,8945,2024-10-24,75,Paid
1387,3804,8956,2024-10-25,75,Paid
1388,1568,8957,2024-10-25,100,Paid
1389,16,8971,2024-10-26,100,Pending
1390,5559,8974,2024-10-26,100,Paid
1391,8031,8980,2024-10-26,75,Paid
1392,8004,8984,2024-10-26,50,Pending
1393,7893,9003,2024-10-26,50,Paid
1394,2003,9008,2024-10-26,100,Paid
1395,6475,9009,2024-10-26,75,Paid
1396,1770,9024,2024-10-27,100,Paid
1397,5748,9026,2024-10-27,100,Paid
1398,3033,9028,2024-10-27,100,Pending
1399,1774,9031,2024-10-27,50,Paid
1400,888,9038,2024-10-27,50,Paid
1401,2670,9039,2024-10-27,100,Paid
1402,1635,9050,2024-10-27,75,Paid
1403,7019,9052,2024-10-27,75,Pending
1404,7085,9060,2024-10-28,50,Pending
1405,2342,9068,2024-10-28,75,Pending
1406,3808,9069,2024-10-28,50,Paid
1407,1439,9070,2024-10-28,75,Paid
1408,4436,9074,2024-10-28,100,Pending
1409,523,9077,2024-10-28,75,Paid
1410,1529,9078,2024-10-28,75,Paid
1411,1100,9094,2024-10-29,75,Paid
1412,621,9095,2024-10-29,75,Paid
1413,2727,9103,2024-10-29,50,Paid
1414,1697,9108,2024-10-29,75,Paid
1415,6079,9109,2024-10-29,50,Paid
1416,5142,9111,2024-10-29,50,Paid
1417,585,9122,2024-10-29,50,Pending
1418,4454,9126,2024-10-29,100,Paid
1419,7909,9144,2024-10-30,100,Pending
1420,6614,9145,2024-10-30,100,Paid
1421,2804,9148,2024-10-30,50,Paid
1422,3957,9150,2024-10-30,100,Paid
1423,950,9153,2024-10-30,50,Paid
1424,1830,9162,2024-10-30,100,Paid
1425,2571,9165,2024-10-30,100,Pending
1426,96,9169,2024-10-30,75,Pending
1427,3505,9171,2024-10-31,50,Paid
1428,4800,9172,2024-10-31,100,Paid
1429,8108,9182,2024-10-31,75,Paid
1430,3016,9194,2024-10-31,100,Paid
1431,3557,9196,2024-10-31,75,Pending
1432,1838,9203,2024-11-01,100,Pending
1433,3827,9211,2024-11-01,100,Paid
1434,3544,9215,2024-11-01,75,Paid
1435,7201,9220,2024-11-01,100,Paid
1436,7970,9225,2024-11-02,50,Pending
1437,8392,9229,2024-11-02,100,Paid
1438,5143,9242,2024-11-02,50,Paid
1439,3039,9247,2024-11-02,50,Paid
1440,8862,9251,2024-11-02,75,Paid
1441,7155,9263,2024-11-03,50,Paid
1442,3646,9266,2024-11-03,75,Paid
1443,1034,9281,2024-11-03,50,Paid
1444,2927,9284,2024-11-03,75,Pending
1445,1932,9290,2024-11-03,50,Paid
1446,5231,9295,2024-11-03,100,Paid
1447,6561,9301,2024-11-04,50,Paid
1448,5162,9302,2024-11-04,50,Paid
1449,2682,9305,2024-11-04,50,Paid
1450,7467,9307,2024-11-04,75,Paid
1451,2138,9310,2024-11-04,50,Paid
1452,5640,9316,2024-11-04,100,Paid
1453,7770,9323,2024-11-04,100,Paid
1454,8094,9334,2024-11-04,100,Pending
1455,9033,9336,2024-11-04,100,Paid
1456,3359,9341,2024-11-05,100,Pending
1457,7070,9345,2024-11-05,50,Pending
1458,4846,9347,2024-11-05,50,Paid
1459,456,9352,2024-11-05,100,Paid
1460,1386,9353,2024-11-05,100,Pending
1461,9195,9362,2024-11-05,50,Pending
1462,5187,9368,2024-11-05,100,Paid
1463,5276,9374,2024-11-05,75,Paid
1464,3093,9388,2024-11-06,100,Pending
1465,4347,9395,2024-11-06,75,Pending
1466,8075,9397,2024-11-06,50,Paid
1467,6800,9406,2024-11-06,50,Paid
1468,4708,9407,2024-11-06,75,Paid
1469,6729,9411,2024-11-06,50,Paid
1470,8577,9424,2024-11-07,100,Paid
1471,2882,9425,2024-11-07,50,Pending
1472,3999,9437,2024-11-07,50,Pending
1473,7184,9446,2024-11-07,50,Pending
1474,5740,9451,2024-11-07,50,Paid
1475,7793,9468,2024-11-08,100,Paid
1476,2913,9470,2024-11-08,50,Paid
1477,6415,9472,2024-11-08,50,Paid
1478,3746,9474,2024-11-08,50,Pending
1479,9432,9484,2024-11-09,50,Paid
1480,334,9513,2024-11-10,50,Paid
1481,960,9531,2024-11-10,100,Paid
1482,7934,9545,2024-11-10,100,Paid
1483,4022,9556,2024-11-11,100,Paid
1484,8086,9567,2024-11-11,75,Paid
1485,8479,9568,2024-11-11,75,Pending
1486,4296,9571,2024-11-11,100,Pending
1487,8162,9582,2024-11-11,50,Pending
1488,220,9583,2024-11-11,75,Paid
1489,2381,9587,2024-11-11,75,Paid
1490,2556,9593,2024-11-12,100,Paid
1491,8191,9602,2024-11-12,75,Pending
1492,3846,9632,2024-11-13,75,Paid
1493,702,9641,2024-11-13,50,Pending
1494,3089,9649,2024-11-13,75,Paid
1495,2404,9657,2024-11-13,100,Pending
1496,8442,9660,2024-11-14,50,Pending
1497,7447,9666,2024-11-14,50,Paid
1498,6630,9669,2024-11-14,75,Paid
1499,1654,9675,2024-11-14,50,Pending
1500,7300,9689,2024-11-15,75,Pending
1501,1853,9699,2024-11-15,100,Paid
1502,5335,9700,2024-11-15,50,Paid
1503,7793,9710,2024-11-15,75,Pending
1504,3718,9719,2024-11-15,50,Pending
1505,7131,9726,2024-11-15,50,Paid
1506,7502,9736,2024-11-16,100,Pending
1507,9518,9742,2024-11-16,100,Paid
1508,2923,9748,2024-11-16,50,Paid
1509,4047,9753,2024-11-16,100,Paid
1510,583,9756,2024-11-16,50,Paid
1511,1704,9757,2024-11-16,100,Pending
1512,331,9758,2024-11-16,50,Paid
1513,7882,9770,2024-11-16,75,Pending
1514,2826,9784,2024-11-17,75,Paid
1515,6886,9785,2024-11-17,75,Pending
1516,1789,9786,2024-11-17,50,Paid
1517,1844,9787,2024-11-17,50,Paid
1518,4668,9799,2024-11-17,100,Paid
1519,7937,9805,2024-11-17,50,Pending
1520,3926,9806,2024-11-17,75,Paid
1521,4579,9813,2024-11-17,100,Paid
1522,8516,9818,2024-11-18,50,Paid
1523,1006,9832,2024-11-18,75,Paid
1524,8938,9840,2024-11-18,75,Paid
1525,2952,9844,2024-11-18,50,Pending
1526,1008,9848,2024-11-18,100,Pending
1527,6271,9854,2024-11-18,50,Pending
1528,1866,9859,2024-11-19,75,Pending
1529,5631,9863,2024-11-19,50,Paid
1530,5959,9872,2024-11-19,75,Paid
1531,6500,9879,2024-11-19,75,Pending
1532,4755,9895,2024-11-19,100,Pending
1533,8807,9902,2024-11-20,50,Paid
1534,905,9907,2024-11-20,75,Paid
1535,5567,9916,2024-11-20,50,Paid
1536,6230,9920,2024-11-20,75,Paid
1537,3824,9945,2024-11-21,75,Paid
1538,5841,9953,2024-11-21,75,Paid
1539,3830,9956,2024-11-21,100,Paid
1540,901,9970,2024-11-22,75,Paid
1541,8548,9971,2024-11-22,100,Paid
1542,9411,9991,2024-11-22,100,Paid
1543,2712,9997,2024-11-22,100,Paid
